-- MySQL dump 10.13  Distrib 5.6.17, for Win64 (x86_64)
--
-- Host: localhost    Database: springsecurity
-- ------------------------------------------------------
-- Server version	5.6.17-log

/*!40101 SET @OLD_CHARACTER_SET_CLIENT=@@CHARACTER_SET_CLIENT */;
/*!40101 SET @OLD_CHARACTER_SET_RESULTS=@@CHARACTER_SET_RESULTS */;
/*!40101 SET @OLD_COLLATION_CONNECTION=@@COLLATION_CONNECTION */;
/*!40101 SET NAMES utf8 */;
/*!40103 SET @OLD_TIME_ZONE=@@TIME_ZONE */;
/*!40103 SET TIME_ZONE='+00:00' */;
/*!40014 SET @OLD_UNIQUE_CHECKS=@@UNIQUE_CHECKS, UNIQUE_CHECKS=0 */;
/*!40014 SET @OLD_FOREIGN_KEY_CHECKS=@@FOREIGN_KEY_CHECKS, FOREIGN_KEY_CHECKS=0 */;
/*!40101 SET @OLD_SQL_MODE=@@SQL_MODE, SQL_MODE='NO_AUTO_VALUE_ON_ZERO' */;
/*!40111 SET @OLD_SQL_NOTES=@@SQL_NOTES, SQL_NOTES=0 */;

--
-- Table structure for table `res`
--

DROP TABLE IF EXISTS `res`;
/*!40101 SET @saved_cs_client     = @@character_set_client */;
/*!40101 SET character_set_client = utf8 */;
CREATE TABLE `res` (
  `res_id` char(36) NOT NULL,
  `res_url` varchar(2048) NOT NULL,
  `res_description` varchar(300) DEFAULT NULL,
  PRIMARY KEY (`res_id`)
) ENGINE=InnoDB DEFAULT CHARSET=utf8;
/*!40101 SET character_set_client = @saved_cs_client */;

--
-- Dumping data for table `res`
--

LOCK TABLES `res` WRITE;
/*!40000 ALTER TABLE `res` DISABLE KEYS */;
INSERT INTO `res` VALUES ('1664ccf8-7d91-11e7-8499-708bcd7b61ba','/user.jsp','这是普通用户和管理员才能够访问的页面'),('2b4718af-7d91-11e7-8499-708bcd7b61ba','/admin.jsp','这是管理员才能够访问的页面');
/*!40000 ALTER TABLE `res` ENABLE KEYS */;
UNLOCK TABLES;

--
-- Table structure for table `res_role`
--

DROP TABLE IF EXISTS `res_role`;
/*!40101 SET @saved_cs_client     = @@character_set_client */;
/*!40101 SET character_set_client = utf8 */;
CREATE TABLE `res_role` (
  `res_r_id` char(36) NOT NULL,
  `res_id` char(36) NOT NULL,
  `r_id` char(36) NOT NULL,
  PRIMARY KEY (`res_r_id`),
  KEY `res_role_foreikey_res_id` (`res_id`),
  KEY `res_role_foreikey_r_id` (`r_id`),
  CONSTRAINT `res_role_foreikey_res_id` FOREIGN KEY (`res_id`) REFERENCES `res` (`res_id`),
  CONSTRAINT `res_role_foreikey_r_id` FOREIGN KEY (`r_id`) REFERENCES `role` (`rid`)
) ENGINE=InnoDB DEFAULT CHARSET=utf8;
/*!40101 SET character_set_client = @saved_cs_client */;

--
-- Dumping data for table `res_role`
--

LOCK TABLES `res_role` WRITE;
/*!40000 ALTER TABLE `res_role` DISABLE KEYS */;
INSERT INTO `res_role` VALUES ('0d3842b8-7d92-11e7-8499-708bcd7b61ba','1664ccf8-7d91-11e7-8499-708bcd7b61ba','d0a93949-7ce2-11e7-9bb7-708bcd7b61ba'),('1c08f2a2-7d92-11e7-8499-708bcd7b61ba','2b4718af-7d91-11e7-8499-708bcd7b61ba','d0a93949-7ce2-11e7-9bb7-708bcd7b61ba'),('ec3434ed-7d91-11e7-8499-708bcd7b61ba','1664ccf8-7d91-11e7-8499-708bcd7b61ba','967bafbc-7cda-11e7-9bb7-708bcd7b61ba');
/*!40000 ALTER TABLE `res_role` ENABLE KEYS */;
UNLOCK TABLES;

--
-- Table structure for table `role`
--

DROP TABLE IF EXISTS `role`;
/*!40101 SET @saved_cs_client     = @@character_set_client */;
/*!40101 SET character_set_client = utf8 */;
CREATE TABLE `role` (
  `rid` char(36) NOT NULL,
  `rname` varchar(40) NOT NULL COMMENT '角色名称',
  `rdescription` varchar(100) DEFAULT NULL,
  PRIMARY KEY (`rid`)
) ENGINE=InnoDB DEFAULT CHARSET=utf8;
/*!40101 SET character_set_client = @saved_cs_client */;

--
-- Dumping data for table `role`
--

LOCK TABLES `role` WRITE;
/*!40000 ALTER TABLE `role` DISABLE KEYS */;
INSERT INTO `role` VALUES ('967bafbc-7cda-11e7-9bb7-708bcd7b61ba','ROLE_USER','普通登录账户'),('d0a93949-7ce2-11e7-9bb7-708bcd7b61ba','ROLE_ADMIN','管理员账户');
/*!40000 ALTER TABLE `role` ENABLE KEYS */;
UNLOCK TABLES;

--
-- Table structure for table `user`
--

DROP TABLE IF EXISTS `user`;
/*!40101 SET @saved_cs_client     = @@character_set_client */;
/*!40101 SET character_set_client = utf8 */;
CREATE TABLE `user` (
  `username` varchar(40) NOT NULL COMMENT '用户名',
  `password` varchar(30) NOT NULL COMMENT '密码',
  PRIMARY KEY (`username`)
) ENGINE=InnoDB DEFAULT CHARSET=utf8;
/*!40101 SET character_set_client = @saved_cs_client */;

--
-- Dumping data for table `user`
--

LOCK TABLES `user` WRITE;
/*!40000 ALTER TABLE `user` DISABLE KEYS */;
INSERT INTO `user` VALUES ('Admin','123'),('MoonFollow','123');
/*!40000 ALTER TABLE `user` ENABLE KEYS */;
UNLOCK TABLES;

--
-- Table structure for table `user_role`
--

DROP TABLE IF EXISTS `user_role`;
/*!40101 SET @saved_cs_client     = @@character_set_client */;
/*!40101 SET character_set_client = utf8 */;
CREATE TABLE `user_role` (
  `urid` char(36) NOT NULL,
  `username` char(36) NOT NULL,
  `rid` char(36) NOT NULL,
  PRIMARY KEY (`urid`),
  KEY `user_role_foreikey_username` (`username`),
  KEY `user_role_foreikey_rid` (`rid`),
  CONSTRAINT `user_role_foreikey_rid` FOREIGN KEY (`rid`) REFERENCES `role` (`rid`),
  CONSTRAINT `user_role_foreikey_username` FOREIGN KEY (`username`) REFERENCES `user` (`username`)
) ENGINE=InnoDB DEFAULT CHARSET=utf8;
/*!40101 SET character_set_client = @saved_cs_client */;

--
-- Dumping data for table `user_role`
--

LOCK TABLES `user_role` WRITE;
/*!40000 ALTER TABLE `user_role` DISABLE KEYS */;
INSERT INTO `user_role` VALUES ('09d079b7-7ce3-11e7-9bb7-708bcd7b61ba','Admin','d0a93949-7ce2-11e7-9bb7-708bcd7b61ba'),('3417eeaf-7ce2-11e7-9bb7-708bcd7b61ba','MoonFollow','967bafbc-7cda-11e7-9bb7-708bcd7b61ba');
/*!40000 ALTER TABLE `user_role` ENABLE KEYS */;
UNLOCK TABLES;
/*!40103 SET TIME_ZONE=@OLD_TIME_ZONE */;

/*!40101 SET SQL_MODE=@OLD_SQL_MODE */;
/*!40014 SET FOREIGN_KEY_CHECKS=@OLD_FOREIGN_KEY_CHECKS */;
/*!40014 SET UNIQUE_CHECKS=@OLD_UNIQUE_CHECKS */;
/*!40101 SET CHARACTER_SET_CLIENT=@OLD_CHARACTER_SET_CLIENT */;
/*!40101 SET CHARACTER_SET_RESULTS=@OLD_CHARACTER_SET_RESULTS */;
/*!40101 SET COLLATION_CONNECTION=@OLD_COLLATION_CONNECTION */;
/*!40111 SET SQL_NOTES=@OLD_SQL_NOTES */;

-- Dump completed on 2017-08-10 17:52:56
